﻿[
    {
        "ObjectID": "MOTO",
        "DocumentDate": "2018-03-12T00:00:00",
        "ItemID": "BB-000001",
        "ItemName": "Bao bộ heo thịt",
        "Quantity": 10,
        "BPurcAmount": 200000
    },
    {
        "ObjectID": "001.0001",
        "DocumentDate": "2018-04-09T00:00:00",
        "ItemID": null,
        "ItemName": null,
        "Quantity": 2,
        "BPurcAmount": 12000000
    },
    {
        "ObjectID": "001.0001",
        "DocumentDate": "2018-04-09T00:00:00",
        "ItemID": "BB-000003",
        "ItemName": "Bao  giấy  5kg",
        "Quantity": 0,
        "BPurcAmount": 12000000
    },
    {
        "ObjectID": "MOTO",
        "DocumentDate": "2018-03-12T00:00:00",
        "ItemID": "BB-000001",
        "ItemName": "Bao bộ heo thịt",
        "Quantity": 10,
        "BPurcAmount": 200000
    },
    {
        "ObjectID": "001.0001",
        "DocumentDate": "2018-04-02T00:00:00",
        "ItemID": "BB-000002",
        "ItemName": "Bao bộ heo nái",
        "Quantity": 10,
        "BPurcAmount": 6000000
    },
    {
        "ObjectID": "001.0001",
        "DocumentDate": "2018-04-05T00:00:00",
        "ItemID": "BB-000003",
        "ItemName": "Bao  giấy  5kg",
        "Quantity": 10,
        "BPurcAmount": 10500000
    },
    {
        "ObjectID": "20",
        "DocumentDate": "2018-04-05T00:00:00",
        "ItemID": "BB-000001",
        "ItemName": "Bao bộ heo thịt",
        "Quantity": 10,
        "BPurcAmount": 200000000
    },
    {
        "ObjectID": "085.0001",
        "DocumentDate": "2018-04-10T00:00:00",
        "ItemID": "BB-000002",
        "ItemName": "Bao bộ heo nái",
        "Quantity": 2,
        "BPurcAmount": 300000
    },
    {
        "ObjectID": "22",
        "DocumentDate": "2018-04-10T00:00:00",
        "ItemID": "BB-000006",
        "ItemName": "Bao giấy  2 kg",
        "Quantity": 3,
        "BPurcAmount": 300000
    },
    {
        "ObjectID": "MOTO",
        "DocumentDate": "2018-05-28T00:00:00",
        "ItemID": "BB-000001",
        "ItemName": "Bao bộ heo thịt",
        "Quantity": 10,
        "BPurcAmount": 200000
    },
    {
        "ObjectID": "B.MONGXUAN",
        "DocumentDate": "2018-04-05T00:00:00",
        "ItemID": "BB-000002",
        "ItemName": "Bao bộ heo nái",
        "Quantity": 10,
        "BPurcAmount": 40000000
    },
    {
        "ObjectID": "001.0001",
        "DocumentDate": "2018-04-23T00:00:00",
        "ItemID": "BB-000003",
        "ItemName": "Bao  giấy  5kg",
        "Quantity": 20,
        "BPurcAmount": 2000000
    },
    {
        "ObjectID": "001.0001",
        "DocumentDate": "2018-05-28T00:00:00",
        "ItemID": "BB-000002",
        "ItemName": "Bao bộ heo nái",
        "Quantity": 10,
        "BPurcAmount": 1500000
    },
    {
        "ObjectID": "001.0001",
        "DocumentDate": "2018-05-28T00:00:00",
        "ItemID": "BB-000001",
        "ItemName": "Bao bộ heo thịt",
        "Quantity": 20,
        "BPurcAmount": 2000000
    },
    {
        "ObjectID": "001.0001",
        "DocumentDate": "2018-05-28T00:00:00",
        "ItemID": "BB-000001",
        "ItemName": "Bao bộ heo thịt",
        "Quantity": 20,
        "BPurcAmount": 2000000
    }
]