﻿{
  "DataSource": [
    {
      "Name": "ObjectID",
      "Text": "ObjectID",
      "Type": "System.String",
      "Key": {
        "Key": "ID",
        "Value": "1f1f449d-db3a-4518-abaf-ce56212a7b0a"
      },
      "ID": "1f1f449d-db3a-4518-abaf-ce56212a7b0a",
      "Desciption": "Mua hàng",
      "Desciption2": null,
      "QueryType": "1",
      "Query": "BI_sprPurchase",
      "isDeserialize": false,
      "FieldHaveAvaliable": null,
      "IsNotEdit": false,
      "AllowEdit": false,
      "AllowDelete": false,
      "sysSTT": 0,
      "_IsAdd": false,
      "_KeyOld": null,
      "_oldValue": "1f1f449d-db3a-4518-abaf-ce56212a7b0a",
      "IDQuery": "1f1f449d-db3a-4518-abaf-ce56212a7b0a",
      "dirty": false
    },
    {
      "Name": "ObjectID",
      "Text": "ObjectID",
      "Type": "System.String",
      "Key": {
        "Key": "ID",
        "Value": "1f1f449d-db3a-4518-abaf-ce56212a7b0a"
      },
      "ID": "1f1f449d-db3a-4518-abaf-ce56212a7b0a",
      "Desciption": "Mua hàng",
      "Desciption2": null,
      "QueryType": "1",
      "Query": "BI_sprPurchase",
      "isDeserialize": false,
      "FieldHaveAvaliable": null,
      "IsNotEdit": false,
      "AllowEdit": false,
      "AllowDelete": false,
      "sysSTT": 0,
      "_IsAdd": false,
      "_KeyOld": null,
      "_oldValue": "1f1f449d-db3a-4518-abaf-ce56212a7b0a",
      "IDQuery": "1f1f449d-db3a-4518-abaf-ce56212a7b0a",
      "dirty": false
    },
    {
      "Name": "DocumentDate",
      "Text": "DocumentDate",
      "Type": "System.DateTime",
      "Key": {
        "Key": "ID",
        "Value": "1f1f449d-db3a-4518-abaf-ce56212a7b0a"
      },
      "ID": "1f1f449d-db3a-4518-abaf-ce56212a7b0a",
      "Desciption": "Mua hàng",
      "Desciption2": null,
      "QueryType": "1",
      "Query": "BI_sprPurchase",
      "isDeserialize": false,
      "FieldHaveAvaliable": null,
      "IsNotEdit": false,
      "AllowEdit": false,
      "AllowDelete": false,
      "sysSTT": 0,
      "_IsAdd": false,
      "_KeyOld": null,
      "_oldValue": "1f1f449d-db3a-4518-abaf-ce56212a7b0a",
      "IDQuery": "1f1f449d-db3a-4518-abaf-ce56212a7b0a",
      "dirty": false
    },
    {
      "Name": "ItemID",
      "Text": "ItemID",
      "Type": "System.String",
      "Key": {
        "Key": "ID",
        "Value": "1f1f449d-db3a-4518-abaf-ce56212a7b0a"
      },
      "ID": "1f1f449d-db3a-4518-abaf-ce56212a7b0a",
      "Desciption": "Mua hàng",
      "Desciption2": null,
      "QueryType": "1",
      "Query": "BI_sprPurchase",
      "isDeserialize": false,
      "FieldHaveAvaliable": null,
      "IsNotEdit": false,
      "AllowEdit": false,
      "AllowDelete": false,
      "sysSTT": 0,
      "_IsAdd": false,
      "_KeyOld": null,
      "_oldValue": "1f1f449d-db3a-4518-abaf-ce56212a7b0a",
      "IDQuery": "1f1f449d-db3a-4518-abaf-ce56212a7b0a",
      "dirty": false
    },
    {
      "Name": "ItemName",
      "Text": "ItemName",
      "Type": "System.String",
      "Key": {
        "Key": "ID",
        "Value": "1f1f449d-db3a-4518-abaf-ce56212a7b0a"
      },
      "ID": "1f1f449d-db3a-4518-abaf-ce56212a7b0a",
      "Desciption": "Mua hàng",
      "Desciption2": null,
      "QueryType": "1",
      "Query": "BI_sprPurchase",
      "isDeserialize": false,
      "FieldHaveAvaliable": null,
      "IsNotEdit": false,
      "AllowEdit": false,
      "AllowDelete": false,
      "sysSTT": 0,
      "_IsAdd": false,
      "_KeyOld": null,
      "_oldValue": "1f1f449d-db3a-4518-abaf-ce56212a7b0a",
      "IDQuery": "1f1f449d-db3a-4518-abaf-ce56212a7b0a",
      "dirty": false
    },
    {
      "Name": "Quantity",
      "Text": "Quantity",
      "Type": "System.Decimal",
      "Key": {
        "Key": "ID",
        "Value": "1f1f449d-db3a-4518-abaf-ce56212a7b0a"
      },
      "ID": "1f1f449d-db3a-4518-abaf-ce56212a7b0a",
      "Desciption": "Mua hàng",
      "Desciption2": null,
      "QueryType": "1",
      "Query": "BI_sprPurchase",
      "isDeserialize": false,
      "FieldHaveAvaliable": null,
      "IsNotEdit": false,
      "AllowEdit": false,
      "AllowDelete": false,
      "sysSTT": 0,
      "_IsAdd": false,
      "_KeyOld": null,
      "_oldValue": "1f1f449d-db3a-4518-abaf-ce56212a7b0a",
      "IDQuery": "1f1f449d-db3a-4518-abaf-ce56212a7b0a",
      "dirty": false
    },
    {
      "Name": "BPurcAmount",
      "Text": "BPurcAmount",
      "Type": "System.Decimal",
      "Key": {
        "Key": "ID",
        "Value": "1f1f449d-db3a-4518-abaf-ce56212a7b0a"
      },
      "ID": "1f1f449d-db3a-4518-abaf-ce56212a7b0a",
      "Desciption": "Mua hàng",
      "Desciption2": null,
      "QueryType": "1",
      "Query": "BI_sprPurchase",
      "isDeserialize": false,
      "FieldHaveAvaliable": null,
      "IsNotEdit": false,
      "AllowEdit": false,
      "AllowDelete": false,
      "sysSTT": 0,
      "_IsAdd": false,
      "_KeyOld": null,
      "_oldValue": "1f1f449d-db3a-4518-abaf-ce56212a7b0a",
      "IDQuery": "1f1f449d-db3a-4518-abaf-ce56212a7b0a",
      "dirty": false
    }
  ],
  "Controls": [
    {
      "x": 0,
      "y": 2,
      "width": 5,
      "height": 14,
      "type": "chartcolumn",
      "data": {
        "DataSource": "1f1f449d-db3a-4518-abaf-ce56212a7b0a",
        "Series": "Quantity,BPurcAmount",
        "Category": "ItemID",
        "Title": "Hàng Hóa"
      }
    }
  ]
}
